parent,child
Accident,ILiCost
Accident,MedCost
Accident,OtherCarCost
Accident,ThisCarDam
Age,DrivingSkill
Age,GoodStudent
Age,MedCost
Age,RiskAversion
Age,SeniorTrain
Age,SocioEcon
Airbag,Cushioning
AntiTheft,Theft
Antilock,Accident
CarValue,Theft
CarValue,ThisCarCost
Cushioning,MedCost
DrivQuality,Accident
DrivingSkill,DrivHist
DrivingSkill,DrivQuality
HomeBase,Theft
MakeModel,Airbag
MakeModel,Antilock
MakeModel,CarValue
MakeModel,RuggedAuto
Mileage,Accident
Mileage,CarValue
OtherCarCost,PropCost
RiskAversion,AntiTheft
RiskAversion,DrivHist
RiskAversion,DrivQuality
RiskAversion,HomeBase
RiskAversion,MakeModel
RiskAversion,SeniorTrain
RiskAversion,VehicleYear
RuggedAuto,Cushioning
RuggedAuto,OtherCarCost
RuggedAuto,ThisCarDam
SeniorTrain,DrivingSkill
SocioEcon,AntiTheft
SocioEcon,GoodStudent
SocioEcon,HomeBase
SocioEcon,MakeModel
SocioEcon,OtherCar
SocioEcon,RiskAversion
SocioEcon,VehicleYear
Theft,ThisCarCost
ThisCarCost,PropCost
ThisCarDam,ThisCarCost
VehicleYear,Airbag
VehicleYear,Antilock
VehicleYear,CarValue
VehicleYear,RuggedAuto
